{"version":3,"hash":{"type":"Buffer","data":"r/P6M8hHV2DZkv+rL/gbsbv/CU0Rx1Zl59CGVtfZ2JmRvjg/RELgm7s1eW56dDHHaGXqE7lI8xt8LofdGoYhWCjdwckygDpPqWtenz2ToOR+Qp1xsGP885+MgffRempKantr1sipNd99q3e0y3JgIjiRl/D84E6MTI2HenfHZUE="},"indexValueMap":{"RYAE/D0gu6gS5YoIiKn112JA/DtTA4AD3V+1I5hzDLo=":{"valueMac":{"type":"Buffer","data":"Q5XrbOMKyC28LhtlZAE8dNAYEvNlC3r0X/thYnWtorM="}},"un1wAMXi7vmgNXArmHWGcEiJIX0egRcGx9qWkhnd/j0=":{"valueMac":{"type":"Buffer","data":"SDJAlDrvkpcHu23MXmPIgWV5hxldP6Lv2aU3Qc/WdfI="}},"dsHk/Bp9ztXOxBCvgDiISzAr9eSqvDRPwzfrjS2h3LU=":{"valueMac":{"type":"Buffer","data":"5RyRSDrlQ1Optdr3QCXHBXphbiwP+aykRG1hRHBvOeo="}},"NMDpfSoqXY0EzeSaCs3YZ3Gak2B9aXTHf991iO8k4lQ=":{"valueMac":{"type":"Buffer","data":"M/wF8odGsNhT9KoVZC6QygRyd0wQbf3x42h2JI++h8k="}},"1IhXk2eB3HLM+lpsiakn4KTEDpAf+Yzx0EhgcxvMuWo=":{"valueMac":{"type":"Buffer","data":"1g1HX7dfqnKNNWJFP6QsFM69HMtw5pZu/CbH+Pkmiac="}},"Yn3MAUZDeYXdk5hvH7h68mZ3/NVBBjdXQZC5Inz4f2w=":{"valueMac":{"type":"Buffer","data":"13tSQlo3v6dyzz9zi5aof2JB4xwnO174AocICh7nd/o="}},"kmb1Sm7FDGiKPajS8dc0XIw9IWZ+O6S7oCDWbHZ6dug=":{"valueMac":{"type":"Buffer","data":"j+CCsKU1+IHVvs9JqpF+7xWdrxuUzDD3omRMWqk9RQM="}},"HOZ0KgYRjL2Gs2nt8wMQocG2x1b9W4QUHuzoGCZQeeg=":{"valueMac":{"type":"Buffer","data":"3RLhhTGj2640LRDwrfqmcFvGNXt3sxkLEB1c2nhsKuc="}},"WuKu7wumwOvmEA6IR3E0DtwrnMpB//tF5AOv+JEyW6w=":{"valueMac":{"type":"Buffer","data":"XQv9yEIx4nreEby9cahspDVjc5hMiH9zWqltNCwQxxo="}},"nXVksA/8X++FZ1Ntpd8Zz7FJLeEUE8F+vXx0tt7xw6o=":{"valueMac":{"type":"Buffer","data":"rAiRwCJxKk3QzRqzRkG+j8GsKsbmDq13QOM+JVJPfHw="}},"ubeXAaK94CJYZ5C4s3bo/BQdJK1VwPPxwdi0ZNGcjk0=":{"valueMac":{"type":"Buffer","data":"0yn0FdDFN8IYD3pC6dE30fTaRDZaCFGHlUVVoLINxYQ="}},"ddr2ZijppyfHrOy7330NTTmjir3ZOE0eB5+6aQzaxUY=":{"valueMac":{"type":"Buffer","data":"02xLF5HHwZ41BGeHgLt2owAWqDhmx4rcG8siDLNhXu4="}},"f5GR78t5i9soZOagZQ2mU/O5+NKMYUDQ0uwdQIR6s4I=":{"valueMac":{"type":"Buffer","data":"tb5+OnojpOHOFbKmUPqbm46pwdsieRkPJJxLBs01FWM="}},"sxarE8eBpne69zgsYxiNHwTUJ3sOahpUf8/wNrrqhYA=":{"valueMac":{"type":"Buffer","data":"DFY5+yRcgyM8uwG83jhDwqjOMBAIbY6RtsxWoXSEi0o="}},"CQooSwMmZXtaxlHFj0vP8VjpJAGeDWbktLPrXljLsY4=":{"valueMac":{"type":"Buffer","data":"BFNN6+i3SpuDHrrPaUD05UtC8PdiQvSd0Cwdkt/sx98="}},"b3S/AprtIKxOePc8Wn2jVclaE9DMKwSqCGvyPbXA+O4=":{"valueMac":{"type":"Buffer","data":"HqMtmlP83JMDbQWESb4NLFSZhZ6gIjGS6aASDEuf3ps="}},"PYwOVpfKHPiEkcdcFlaLqXwdLAdywhkCniMHaYyC1R4=":{"valueMac":{"type":"Buffer","data":"mMVNrP44ZoAEL+9Z6wiH86kgWvyjl5P9CRTwjx0ApmQ="}},"i+EyYm8pts4UjRquQqa53EygSGJLrcxh50N9kDEnRXI=":{"valueMac":{"type":"Buffer","data":"aitraoaXv6jaNmMX2iXMzjWhB6A4Hp1CsE/y6INK7eQ="}},"I2UxnwmvFT5AhRzq9dH3mH36K+ZLrmu0VB+U0gBGnyA=":{"valueMac":{"type":"Buffer","data":"Q8IvcU6fwL1zq5l0hQNjEd0SsJmXOVkSiyqejESmR+Q="}},"GEP3apzrF4oNd6R2I+Osq10VCLkK4hwA1hTyUiMBU24=":{"valueMac":{"type":"Buffer","data":"U+eSEtgFRN5TE1VmUGcPQquz+BJjR8dMweE8MyKXxIM="}},"cwK/bwT5LHTBTnHGNDQZUCLBevWiBe43vuZueAnRxnc=":{"valueMac":{"type":"Buffer","data":"OiLaEQ5jKrqlhFGXx9ZPINes3jQh8G9bC6/9A6Z30QM="}},"zvVIjiDB9vhMPv9+mbiuQf4E3EIX1k/o1VPrqLJijfs=":{"valueMac":{"type":"Buffer","data":"jrqv8yQ+uX2P5dhekU+YZ2SMrSHhg8ci553MbcMYLwQ="}},"i4eK7QRHj5X+rRRmTdmYfkqpWocO0v8igDJh5SCfaXY=":{"valueMac":{"type":"Buffer","data":"wDEgobYtIWwmN56rURL4LStJdF1fR/uPTiMYp0wnrHc="}},"QZmtKCjrQGg33OwyuKkyn9LpS5z9ZkP3H2xNTdkBA/M=":{"valueMac":{"type":"Buffer","data":"RVsVXFArqmgT1fqWPA4Jl4Q02JcFPNxTzIeTCPHku/I="}},"h9SMBUfCVC8VQ/e6s249srTUOG54+W+R0qasn2qVhxo=":{"valueMac":{"type":"Buffer","data":"rtymrjSF5R7gryvQOpedH+HwBUdzvv0Nu0W2JdzmKts="}},"mqvgHHA/qB09FHZDq/Jcd6yDj3RRBbQmE3G+SWPG8MA=":{"valueMac":{"type":"Buffer","data":"KwKBXOwq5mBuiA/dK9KUmsN7TNeGBDRydpo48Xb+/OQ="}},"HSPcwmGPAiSCJoDLiZac9IHyNYBlTPFnGYr3ZJoSZBg=":{"valueMac":{"type":"Buffer","data":"YjbYAdAZqYXt0z1DkVYcmZsqo9sgyif0tm03hyA9GqE="}},"QYQFEB2MJHwJ/KZXDp9GQArWLkyYCkkrbGVGA8wrJro=":{"valueMac":{"type":"Buffer","data":"mM5WjqV4x7yMkZchbTnLwfswBl3ZvGtXnCal0lWCPC0="}},"+e3i61g1ksv/HqtkosYkOOTxyY/ZST3guCfrZYKG/Gw=":{"valueMac":{"type":"Buffer","data":"Ap78RN0LleucSICSO8NyaWQV66vcL2XTCDZojPOEOH4="}},"FXWBgPlLKFZH+DmQYGIdkIW9BYm2k8w8IBp2uKPM09Y=":{"valueMac":{"type":"Buffer","data":"EsvypLHLXSowvFDF7AyXjVjefr+OTphDVBsk+dL0MX4="}},"9UJ08/tZ1vjikR3ndN6GyIFWyYYeJAxAehI51je3Lpc=":{"valueMac":{"type":"Buffer","data":"OaCfLvogcRR3y6Bxg+0rchr4kVFcWAR8UUZ7EXV32sQ="}},"HCT2qyApzY/diZmekRoSitH6KbT/OSyGOXNDDHaLKuM=":{"valueMac":{"type":"Buffer","data":"AlFdbf2Loz6QOBCdVvRSkwYsnVRFzPAs0E4+nFrKimg="}},"J77J1Mt+ttS1nQ9+F1iVZDf5jqnau4DKEHTp7ULkD2I=":{"valueMac":{"type":"Buffer","data":"x622/QuyOszWYvM85oUk2UJUtWMkZtvvsGUvHagmF8Y="}},"5JUecpjUO2+TXTcTlLDoxFx+GijgSO3kO0/UAUAcb4s=":{"valueMac":{"type":"Buffer","data":"Ly+Ci0ECVL6i+e1k/S0Xg2KS3zuKzJI4bBSOLGjUwEY="}},"T2DsKhm5REr1IvO4237spTV4W4DwBX9DkkGCvLA6UVk=":{"valueMac":{"type":"Buffer","data":"OZoTn7aED5bOq9T8Q9EojULpDuVEqeF2gGwuLi1upR0="}},"IJAJGRwR0EV5c6pQpTd0KI3RWqRAMT28vkHDzXu1Dg8=":{"valueMac":{"type":"Buffer","data":"tgzhPcDCRmfoTQYf2cgFY8Ln1wTrmL0ZC+DBR8OJrfU="}},"NqYLqRcjNeP0EOEed6JORFZ6POsUlZm2Fiu/A8ZwQU4=":{"valueMac":{"type":"Buffer","data":"T7BhU/y2c3lBrUKAFdlg0k6ouBuRnnQG3Qwft+1wuQM="}},"86nTcygYFeaYH5lxhREq+ud5uEXwjYQGKlHgwUg3how=":{"valueMac":{"type":"Buffer","data":"cJBFXiZ0Z9mhKKHto+B+5lGTPQucFKSE2uZ1qg6UPOY="}},"EiVYebcVs689KGMYDIevkzS6vUUTAkRzqKnd/J5Rm5s=":{"valueMac":{"type":"Buffer","data":"aLYFFvMcG4EMaDhx6ZNp6SF2RoOgs1ZEBOFl59eji4o="}},"tNeh+VG81D5hAzg3lglYv75T7g6uQVXYHn61GlQab9c=":{"valueMac":{"type":"Buffer","data":"4h6qzlIt9WqP4v0IqXhmdBPmOJN2pSXKr3KPU88TZio="}},"HDpGfl/h6a8FPS3/fKVMs7eeG+NftQg22sKgyjE4fEI=":{"valueMac":{"type":"Buffer","data":"jgqYW1cJm8+FDSJ/69rOcMivT4hjY1bPGhn7EFeDBR8="}},"rS+zJ7e1HF7+fM6fi+1B1PSwKZNIDH2nKqLRh3jcqRE=":{"valueMac":{"type":"Buffer","data":"RRnSieugorwjj6KQMSUoS8/fcO8cClXwZzb5t0HebP4="}},"AFppH6GVoWbD8DPusJzliOhsCBxWpYLBFMENR9q7TXQ=":{"valueMac":{"type":"Buffer","data":"jsbVxRqF17VIXCpeSWTSY8sucAafPaYjgUGONNb3c3M="}},"3hnBX2sNemRQ8Uw6l7nlvnRbY6C1ymOv8NVEugxKb4w=":{"valueMac":{"type":"Buffer","data":"bobdHNaVQPICv5qoAXp+ZBoSmQ4WuLvcPkQFK+ZWSEo="}},"DJnu1QcKeSGsvtn0PugLSEh7kknlhhJITL95GPplvSA=":{"valueMac":{"type":"Buffer","data":"m5pMMlCCdbF/JQOcVDjN28nURZPHeSTVDXmeow+Pm5s="}},"dhCezTJ/TQBzlrpYGUBSJ4Hr7zhXyrQKNnhJw7WCfAk=":{"valueMac":{"type":"Buffer","data":"fVa4EqCRDgjLjt9cKqE7M1N9G5NK4czgonjsnlHJKco="}},"ibSdoKbCg5k+TkQg3gGuFzcuiFUolbgCcQuRbEDqzbk=":{"valueMac":{"type":"Buffer","data":"Kdb7VJExVp2ZGedWO+rO3HMRgkB1MMxxqUYRP+q9FXU="}},"KZz7I3CdXKIECEGNgCQkU/JlaOKujOVb+zxCWJ7G6V4=":{"valueMac":{"type":"Buffer","data":"Bj6+nA0Y1t6EmJQUjnfdms5UdMUKhN2xFLrisqnkVew="}},"RsWf2jgHqmg2hp9wPnvtBXcBvJNBeufTHS45cnb5Pdk=":{"valueMac":{"type":"Buffer","data":"XwWcKe7PqTr74d/VKQGsgjsVecknRGXva2jWjWmwjeM="}},"naTZth8xNd1vVnKE2EeSfumNAdzrHqYmoQ4202sZqs8=":{"valueMac":{"type":"Buffer","data":"7J/CHXVj/VwcJ3zA8WuTu4Xlhh+fsucAmKr7H/jGa+Y="}},"AD3Bc6OQ3X4lP3Uxrnbqipls0aufhsYwZnXXTUqHDLc=":{"valueMac":{"type":"Buffer","data":"UPafQfAnccK7dR2OAZgFna0lB6Jf3+/mjcJY8VSqH2o="}},"lMfeG9HVq9YmNqo5Ew4M834MNfeli+SFrOPbeMSsrBc=":{"valueMac":{"type":"Buffer","data":"hcv3fLnAQXNSUlGj3REZq5VaYyXUCfFfMYfjFmO7PKA="}},"XYEbYwHrZsXblAu1IIovC2hArDbCqpT11+zE0Lm6SjQ=":{"valueMac":{"type":"Buffer","data":"AejjeaChTUxgu3QYqjmwN1FB3z6iRECMi2aNR65UDec="}},"MIrSLB6eNC/s2YeMKr6RgVI8lhQh/RLkwhNVHobDNu0=":{"valueMac":{"type":"Buffer","data":"l7Ztqr5+zj4pc1LKIvbj2JOI4rHG/+ZmatxNTYwf5yE="}},"QK4XtwUr9eRhlgHvk+1Uq3PSNXcAoxUrrJGwuTOEOl4=":{"valueMac":{"type":"Buffer","data":"ZZQHoj6/sVIECEHL7HCyVV9bzUAhQ9UfcwFXKgasHQM="}},"d93croRsN0rDaVdmMumBKFzcnoWZ6cxMAH3v9MA6uqE=":{"valueMac":{"type":"Buffer","data":"2nsz6+G+vUU0usdEu/uoJJRj/4e958Asfli3R1W10Oc="}},"hEM36AY8hufwjFSArHGXO0SD01nITozFF1gfXsZDxug=":{"valueMac":{"type":"Buffer","data":"HoNn3XftkTXq8g/3CVWKfcL3W80UAGD8iQChb7KZwjQ="}},"ejsTIhUCGJEgH+o5dl1p4ZDCVvr0Zmpo1nsHIbI30nc=":{"valueMac":{"type":"Buffer","data":"EQzoNi94MbJKudKcJJ74dtr29IGQGxjayiWjkRo9CMc="}},"mgRjF7u1P/rqMdvtG+/GZUO5L7yfGCI0OaVz+qhN/M0=":{"valueMac":{"type":"Buffer","data":"X3NYLGXCfiEJfQ7WcR9M/69X8I99ba9oWcKDT29u8nU="}},"fqL8WTpedipKif3WLz2dEsLCAL7JnLAB4x3zmoPFQwk=":{"valueMac":{"type":"Buffer","data":"enISECX9AXHXbs5NPbMedj7Q6jWKlHA0hOoBARjdpSM="}},"yBFg9vHwxl4Okl7w4KXEeOHVri4/1XkYQ+ZhcOLfP9c=":{"valueMac":{"type":"Buffer","data":"/q68kGfU9vFe8EbOUCaHOcg+N5RO6PdmnG0i0r63mfA="}},"lOFoRhSwOtOgtupVOgkngpf4puyLx/p5YiHkFUhkH5o=":{"valueMac":{"type":"Buffer","data":"C+gJ3lEjEKkpfFXd7oulux1hR4S8/cZIUjoLzPKuMg4="}},"UXWrXzNbaYj8WiC4rmndPeHUA6HNi185ZKPgRq8Ii/Y=":{"valueMac":{"type":"Buffer","data":"fkFpib2hKhvT7QdTDdaoAfxv9Yiz761pLmSR8r0LVCg="}},"DHCcc3o+frfSOG8PPl8KjYlJjNEPPii7XoCMgKz0i7U=":{"valueMac":{"type":"Buffer","data":"GNi2zgKzWQj3xI4Lvp1GnvllrMNxTkwzH0iF0ncMSi8="}},"lRnkKHsVNXmAK7ndp3+CGgHX4ixfNAzeBeKd9e5GZQY=":{"valueMac":{"type":"Buffer","data":"u6qD4sMTx4T4XBMBkA1QJwEou31xiEaiVa+PiLuLTMU="}},"JRpGXkWWlG6nve7lJP9IQTBE1nIM+WQ2Zfq506Ysfsc=":{"valueMac":{"type":"Buffer","data":"/NbD/GwWpuMtEbhudWxbuLCM8p+bVpY5UcWnYGLi6gI="}},"b7d/GB2W0M4FxeAL0gpafKoLpeON238drgUODnmLruA=":{"valueMac":{"type":"Buffer","data":"15JVcdshUXN7AsFWH+gBaWs3Evr+sQesK8I9CDuQ9KY="}},"NNQkl98Mham88INJY3IAAzvuRZhcBOEwiXHYASun6JI=":{"valueMac":{"type":"Buffer","data":"azYvQVIL6xWS1rYQkcSHxi8mJ4ysDhdodK6qObyKt7A="}},"Eqo7dPNytL4eLMtfpqhgJrKE0QOTjvv1r6RbhGPD7ME=":{"valueMac":{"type":"Buffer","data":"CALd3P7JcmVHoo0d3igEWwGp/L2kwsKtpGJnPDHMK1U="}},"wGnIrXiAesWGVqr7CQavY14NyWj6I4rQomrgAX81xHE=":{"valueMac":{"type":"Buffer","data":"u7zfBYI99YQh8UQBy2lEpQp7XAIdTJMstC3Z+jt18gA="}},"7qrzQog3sugnw7l8j7tRVTTxex/LO9Q7Nzkuzld6J10=":{"valueMac":{"type":"Buffer","data":"cGkV46h/5KwfH0fnrTPoX6Nbrj7KnpBrjIZpTUkCBvk="}},"JqHYsKwwWXDbzmUhDX4bhsozUzdKa+Xwwi8VD5vrxUs=":{"valueMac":{"type":"Buffer","data":"JGpS0xqQS3K3uh0DlPmeIcCMiYOIaT9PbwNEBQ5EpbE="}},"5epU+A45kkQ9/JgLQUR+xOwdHzXhrjqG0gSGLE+SAk4=":{"valueMac":{"type":"Buffer","data":"zRo84jOh2eNzb71OUPZXPWjEtsdK5s7a5WhcLz8nWKk="}},"x2BbQeJ5zOe6LXU4ygPT30pxqFyAZSSeVlBbfxJ/JGA=":{"valueMac":{"type":"Buffer","data":"6ThednWlHgHqzV0rcpbup6YviM8DylztDTsQzuogFBo="}},"RP4E8p4X0eMUcg8U/FZmhMD9hjxT75VY0cR8pFgq8Go=":{"valueMac":{"type":"Buffer","data":"b5ITP0a5ocfiEImIZZissIzAhNIdvAco+got+sT0nVM="}},"p+fj9JpmLSeMqkdbBwvHj7/tYc0Nb3sNuTHRK7yWCOY=":{"valueMac":{"type":"Buffer","data":"HxfGhXgDrmJZa6eXTfjJsAJFkneYIuvEB3xBznb+l2U="}},"kUsSi3VezteZDCJhobYyEvipn3gocJZqGMfFK21z44A=":{"valueMac":{"type":"Buffer","data":"0Wj22u9Srs3qNUqpDAJSkY8szRJQ4KlWN0NhyQKMlUA="}},"PtdBs6NUzdxxK6/+6Krlo0fFayxLQHe/ViMKFP4QEk0=":{"valueMac":{"type":"Buffer","data":"Xxaus3dgturwTbhELmYGtuYGocTnnA/zap/CKQcdczg="}},"E7txTEotnyZbSeLu17CsSGQLI0t3qTo4rsffycKP6Z8=":{"valueMac":{"type":"Buffer","data":"nLO6En0F47S6G74urGmcm+7U1msS79uAfXeP2tP6Wek="}},"Bcp2XLP4wSqm2cppdQKlvyf40NlHUSp/HQbQf7f26fU=":{"valueMac":{"type":"Buffer","data":"18cZyJ2fON6Y+/jtfxAegPeFxRw25QhKMMOBJmwog68="}},"vV3TMWDfBOokf9cisOCmAfKl/OUqqrwhe3jXGObBMSM=":{"valueMac":{"type":"Buffer","data":"Ysg8ZCQG+4jsU0VCIFn9JgM/GrM4izgxW+f1pGJikhI="}},"0IM53ahzwXyaLY6cy07YMrxX70mT5sMsHPnvGv72uIk=":{"valueMac":{"type":"Buffer","data":"gf2Nh0+MllMmwTLfLAI53XMzLSvVdh9F+jWI2ca+jlI="}},"yMFvcEXmDn39sAkw1k9IVqLxEb9O5uBnUvG90oBVbTI=":{"valueMac":{"type":"Buffer","data":"JBYiaC2PFkYFkXRZe0qTj/ibAOXESzq+fezoBGrt7pk="}},"e8i4LjWwNRDW+78N+mSp3jpEBy0eRkQI3k3SJq2YFWw=":{"valueMac":{"type":"Buffer","data":"cq9cKNQZ0R3vBeXLMO/6w1Mylrw5Qu9cqou7Dxm/Wi4="}},"DC++o4UxXr6e1vHKI5i0x+rOQDx53g6QlNOf/d+6/rQ=":{"valueMac":{"type":"Buffer","data":"couKo45YgKBTVTynBn6N9yVrCyKdTFLNiGsdST11eAI="}},"4MY4KRshtYTrGsdk0vndcf8kgz5TT6wR9QizSHdLtlA=":{"valueMac":{"type":"Buffer","data":"W7OImhaVy7ceiBS2JzJ70pFl31f4WK13Ix+mq0aVmUo="}},"ECawfQ4uAcuArhI+yOZQcuUAqjELFBSaAGYLbv8+a6k=":{"valueMac":{"type":"Buffer","data":"Wj6jb4Lx+cXb1aC5z5nwQbazaJMHPA5Ygzb//Bi8wz4="}},"qE+5ZwRxNct/tz2zfYSa/WhLBmsz2WlkT264uxtDXi8=":{"valueMac":{"type":"Buffer","data":"Fits0ZyV1NGAJTLcm+glDTtppsIaoAURj92OW6Oqdfg="}},"KKi+gjy45bdQXMYNWgkdNpbvQmDYJTbFpVaD5QurPfw=":{"valueMac":{"type":"Buffer","data":"CJG3lQaThcHu0n4eDmZvJrwmEld/iO1kz0ebPkBQbBg="}},"VT/pzheaGtmoPZkr8urfh5AxvIHmsFa4N1Gqn+xHSno=":{"valueMac":{"type":"Buffer","data":"Cw6G9Y09qI3kj3bMLfZhHAp31qpaumOR7PHanuP0xOE="}},"bHA0/ID2ffyvisKrgUYR/WYsoVhAk4PUp+agRIMR6PU=":{"valueMac":{"type":"Buffer","data":"eux+coeDVh3ym23aBaFyEo+rB82cHqD8YDiIo4U/zNE="}},"dqV76R+JQ5DBcHdVVgyQ5n9h/wTaMFyPVR9kBdlmz1A=":{"valueMac":{"type":"Buffer","data":"49G/WoInEQgfjYsonE3DDSPIZKD1/iAvLJase+l2ZLA="}},"tfLIDhtBqOVNxl+WALdqBTB+gi6vLi4WwplJXsoMH8E=":{"valueMac":{"type":"Buffer","data":"UZROnDqIeJkvZUqqTJVM7OvJBiIYsEBdn6kgJgHEXTY="}},"ytW4WkATgRtIXOImf+xwTma+yF+xQ67oc0Y3ubOReIE=":{"valueMac":{"type":"Buffer","data":"loROaC2uXsfe2tlFINOLRDI+XWv7y8dZHRoXfyE2IKc="}},"rm74KeJR15muqOzh7psxFjynXDcrFqtxho9mCpkT0gE=":{"valueMac":{"type":"Buffer","data":"HjcODfKm9nG8YXL1houn1lD9Z5+A3Z0i2XGiihyOqfA="}},"FWW3tB6GYA3A5Qe4/l1qDuqSHlbr/XgJ6/TKb0TIcE0=":{"valueMac":{"type":"Buffer","data":"uH4Xiy6ekz2bltrOWRP9KSCHWT98kfxRZi/rAnkJsjw="}},"jUEE+FOJVy3FbDnVlmbmD8P9xH0LGscMII1T/3d9iaY=":{"valueMac":{"type":"Buffer","data":"6f4Icx5zhwezOmpLJoOEbgxLgAH32V2D25O92ECTjrQ="}},"9kpx0nwBR0viZoVLdjM3mHPPENyyaklYTnKiovf4Wow=":{"valueMac":{"type":"Buffer","data":"PhFDAIZ6EVBY1POwoYcDaD5J9sh+3uyYwz7vpK8jR1M="}},"McIJ8GFp+4/AubVL0KlyiChO8yIphObBFaQSnZTzlUU=":{"valueMac":{"type":"Buffer","data":"tNpjp5HUJt+xwqSxPYvlSxSHUhE5QoR5aEwlawrkKms="}},"123xhdLC7qB22IIgjZ1xpqCVG8Hy7z6Rrw/uECgpTms=":{"valueMac":{"type":"Buffer","data":"TOMnX5hxvvUfftFAei6GkwY3mtSK+0d0SasStOpzJmI="}},"Xhon6jfeAEHmreUGtCI98kRivnjDnOimWgJOiZmjm5E=":{"valueMac":{"type":"Buffer","data":"WCgj7afua+CPRJCyPzh0zEn5Nd7QylkDw8sefFbaA8k="}},"OJvwSIG/bj/kyIDm/sPfaMmEq1bNWu3JVNdETERnH6w=":{"valueMac":{"type":"Buffer","data":"bQPVF0d35/FZa7H75Zlsvg9GlpTyWAJkcJ/RQA1/i9w="}},"fyRUAs7wk7213/LteKaTjsNh7Y6rZWzodW34gfcKJbM=":{"valueMac":{"type":"Buffer","data":"0MW0zqZirISsCSxU0ZW2EWLrF/q9r3MTx7TYMgJtttg="}},"IsI7GWoDIZiIUq3fY0za6fBy9NXd0GCA/83rmAGDylk=":{"valueMac":{"type":"Buffer","data":"MZIOjIFpN3PlFCKbQQYj3wYI+5okdqMrOvbBP087hRU="}},"6gzvdhhDNKxd8/bSRoyVGAJBWgMWy1PKs7wu1RolY2Q=":{"valueMac":{"type":"Buffer","data":"TUtIj3j6beWlWyQem0/LWTcz9QQWixVVvShkNCj5G8c="}},"68H3M+X1GMurW5SJABU/Hs+1cPOiDR3DSe6JeoJAIgA=":{"valueMac":{"type":"Buffer","data":"nWoko8mlM1j9K4/QBjk5hL9KznrMC0zYRIld1rQ9INM="}},"+KdG5WhbAsAvKMFPC304r/zAYiF06lvdpAEKsn8/jJo=":{"valueMac":{"type":"Buffer","data":"hEFLqTIyNTG0sdyDu9RAVaJxPW/9yQdkx8hnLRU2vVk="}},"Fdg62S9u4ncJK582ZfuIzRl3HpPVR6vNP/4oFXIE8RI=":{"valueMac":{"type":"Buffer","data":"/YixJL59ldeICiWNdbVBcYsqAb6AJHo4wZ69zAf49rI="}},"Gn8NXY4Ay3VzSCCeFBm4bnmvGogmiJUPdlzvHRZtlnk=":{"valueMac":{"type":"Buffer","data":"GDMF/Oo/Q1wyZdtRlDmp+sh640voRIvtc57ZPbpNQ5k="}},"v4ubx+KsxGwBficVIRVqTidONuNLf1sAcamnVEKcDa4=":{"valueMac":{"type":"Buffer","data":"iBiS7aRNppRaT7zyS9fiuYsoFVRVY3H7zHyTEJJZN+I="}},"aOhOgG2As61Y7mBxZw5wJDeeVFswWOawEMy0oULI0jE=":{"valueMac":{"type":"Buffer","data":"iHjH23OJJQQWkcO58wyr9/fCAX6srp5KcQA93JPSG+I="}},"JIpctmzEdDIlzmVO2sWNvEyzgMaqvtG+2+Hg6UZOD/g=":{"valueMac":{"type":"Buffer","data":"rPi+elKusqT9LOEyR0uoEM9oUCDrY7+tYThg0rU6Q9Q="}},"6G/Taukww/ewatUABoYXKsPCfsXDm/mIHgSWI/IiG94=":{"valueMac":{"type":"Buffer","data":"YT6wUEk9sel8p8CGH9kS0lEg+7pJp2bUxqzbE3810Gg="}},"yZCGXClJzNx1DQwyhtxMFXpH+CXpN+buSc22G3JIdxQ=":{"valueMac":{"type":"Buffer","data":"eVTghuRuz4nVMdE+xh7GrtQFDLWC4dwjRMhl1+yjG94="}},"vOFisoSSBTmcNTJxrQokILOHZTP7uSL6XneOnSJGv3g=":{"valueMac":{"type":"Buffer","data":"tqb7dryGVCdtWccrOCFD3tCUCmQ/7L2mc9Rs6ZjOrw4="}},"Zudz9hb1a92uLCP10jJI8EKrXeDoUqHkAbcoR5Zwp4k=":{"valueMac":{"type":"Buffer","data":"fu4J46u1iF9iZV6lxx1kKQVbpU7LejYxBPKb26leL6M="}},"MbqKwMVFlOnkitQzH+hH/qr17zsNQPQmYi8CJMBgvwI=":{"valueMac":{"type":"Buffer","data":"e7faURP/+FYYu+lr67EgfewbCgn4evKWIdvoHXwNOX0="}},"V9fEFk1qAaDcMYKaMiTksE8z+VYor8cL5dZaLMLHQb0=":{"valueMac":{"type":"Buffer","data":"hv45svHk6x4QwAaDDrpZuvHMHT4EUFq6TzIy5T4FStE="}},"3SyVsYKwpoiwcmU9je3c7BTLBz0g0jOu7WB3Q/guqj0=":{"valueMac":{"type":"Buffer","data":"HJ4RNOmMcyL970kaG7EQZ8i4lC89tnFSZ0jp4WtZN7o="}},"2vHyOPKSw7PJJpC5GwZH0sNZd3zCdDJx7fsDSbJvNGg=":{"valueMac":{"type":"Buffer","data":"Q0JH7GQFdpBb0VxZ0mw6dIpqqgGBKJ3fvFqndyqQiSU="}},"u8hUiH5e5Ydov/VH/sQMa3a5ycdu9QFYsZlOQmYLadI=":{"valueMac":{"type":"Buffer","data":"iqVsI6Umpoaoh65SmOOpoC/yio3a/VoC/GXBMgsgZ5Q="}},"2j8KSQ4g87XcGBB6mAjG65pthDpltKBHhlRzDRBBsNc=":{"valueMac":{"type":"Buffer","data":"4s25wAyY8u518qp9rk6RNfJHDOB4ssr36mfmJJw9Yfc="}},"VX2oDHaJKjrAtfLuUShKzCmZfJ3I7mkKAunhyAx8pJQ=":{"valueMac":{"type":"Buffer","data":"wu4hgwSTnadj+rXWMmw9RTtqwnew7dWcuWWSyw0+xAM="}},"0CkxdL4kHdNT2CLiI3Tynunv2f/KzwXWJrLe6HKy5XA=":{"valueMac":{"type":"Buffer","data":"VK0DOjoztwJJD/B1aY/Hx/rII0+EkxAMjmSGzpsIxkw="}},"XDxsVBPj+DpKb0NTQANprA/e7Xy/+s3qrQXsjtHSxWM=":{"valueMac":{"type":"Buffer","data":"flaahMyNKl41LB0Ar4MyuEBIyDnSVNW7U0JTg8GCnE0="}},"GwQ1tBPncHKt5tq24ugygNm+gsqT9kbYlv3i1nIq6No=":{"valueMac":{"type":"Buffer","data":"cssukrwJHuBtQ3g+28OjdCOS2jP/Ue08PmiJ7iyaceY="}},"Do9NesvSNmurDc+2XkwHwC07IrHmIyGwH5lGudGMau4=":{"valueMac":{"type":"Buffer","data":"Bi94eWqFi1ahQUxfuzYlw2qkH4I1sAu8Fg7k+YCGx/0="}},"worwDNg/TPks/Xw6cz51L5BIz2vqLxna6C67i5RvCZI=":{"valueMac":{"type":"Buffer","data":"01seaPgoPy0a+Eh86VVSuw3haoTHS56n0NQq1Op4klQ="}},"AGjIoRTrLV/Ukk3SPgzMGNoDjJATlW3gghNpmMga7cI=":{"valueMac":{"type":"Buffer","data":"VL3MocZPNPXZyt85zkd2ZrKNbwZtf3V3eH1UwKbRAAg="}},"7I0X/glJ/vsQZQgA6v5Tr5SbC8GtuXPU5DnQiX5ZrMY=":{"valueMac":{"type":"Buffer","data":"8nw3tP3LJs12ZanmsFEPQ6lQtuQuMRTPNcOCZqALCJg="}},"gwA96WLcM0AQaC+J2YDvt78XwjbDw9T4DG9hE+D9O7I=":{"valueMac":{"type":"Buffer","data":"vSbxbALL5pmsqlqv4CJbu7m1DouI2FtXboxOkSgZby0="}},"5qFUC/gkkyq/c39EclJEGjLlPEQ1gwbpO561oWD/bso=":{"valueMac":{"type":"Buffer","data":"UzZ93dkJPM5fHpx76mW3+QdQXehpnkD45uB9H+ObPwQ="}},"ezWcoDXgoFV+OrcJhDNRb6FyyNNAYiG/4pyqpA1JJFw=":{"valueMac":{"type":"Buffer","data":"nLhUWvrrH1oqkaUCHVzfDBWdtt9MBeVGR8qYmVmeUOI="}},"YZHNgKelUgXyzDt1EBD0Hpq3LbKybBF4qG+4Lw0utOo=":{"valueMac":{"type":"Buffer","data":"7GAWTvyvB0k5e1yjKIH161dtpluNoo2/uf+PCdcRn6g="}},"TEZO930WZPa6vsp0G7fp5Bj4kH3fzIzYenCalhCb22Y=":{"valueMac":{"type":"Buffer","data":"8+mN8tGAodEjSSRSOLqUSowCjtWkbRL8PuQurWIecKI="}},"2Zini8hiXvkDxiE/1Ply5KNBQWm2uFyxcaQ4Ui/qLN0=":{"valueMac":{"type":"Buffer","data":"NXO9d07ltVilocpj5ml8rGPWHMexyqz5l8EMBdctmaA="}},"QASS3F8cV36Ve87QkKPJfsWZGIe1aOI9XjtghjBl8oI=":{"valueMac":{"type":"Buffer","data":"yH1/VTCv1jFPc6kr1yi7H7EBvIHZ3VG9Okt8kw74Q7U="}},"dvgSFZtDF+GmBZjheVXea+q0YcB/uAfPhJAdLtP0DHk=":{"valueMac":{"type":"Buffer","data":"jgrUY3PqV6019mwxXuPCPBATdznx9Z9KgeWICj9oNDE="}},"dUAM3l9Dif1wYqEh75SlQKzYAUC83u8ZqjFo0SZcGOw=":{"valueMac":{"type":"Buffer","data":"z+paPMrGvFiOXic8OMlrEPlXiSGVvkH/v/DkAr3pNkk="}},"DcJ4wGeXr/AKRFyHE32fVqvSB/V5IXgtriKQhmOeN1Q=":{"valueMac":{"type":"Buffer","data":"TsttLv4gvDKkp7rOOu5qsdF2m+1CTNNLbtQdZ058p5Y="}},"A+3tDYMao4U09QUAkPMqvzHfnLo74bT4ygciEelAhIk=":{"valueMac":{"type":"Buffer","data":"JfgEuItLdv17atLIzNbWEbNFAm+Z+ZPv/Emh28sCogc="}},"+sc6+Rb/3KNRz+xlzZZ9lKgNU+/3+UTN/pIYuD7hUbg=":{"valueMac":{"type":"Buffer","data":"O2t7EXdK8/R/bgTTA0W18TD5ILUHpWlvWdRzlIUXtiU="}},"hIRCWL/hZ4zq4MC1S9bjOOR+Ra26SYzPtUZCHH78/8o=":{"valueMac":{"type":"Buffer","data":"tGezQpexm/QQeH55LIWzI4Z/Uaq7iJXEGNf6rp+V+OA="}},"tHT9B5lJxXDcSibLYKX2xQVyMSsinyXUG3V4oBzA158=":{"valueMac":{"type":"Buffer","data":"t9sEd9TgHtyAJE71aaU30N+2FdwVxi406QJTHpvYudw="}},"zQJJMOeOPlHTapQmz9krJg41iTIiu4aLo7TUhrQ5rYs=":{"valueMac":{"type":"Buffer","data":"ZnpYlCs4jkKrU7uXATKKUimpWSbtsXLecYvJjvogGj4="}},"TSowCM++X+6jykrVwnCT60ALtW4CpgHtvAI7DYcUXeg=":{"valueMac":{"type":"Buffer","data":"19i6FA8DvqJEOFn7M2RVUKy+QCGsEuo7LLkBw80JVuY="}},"dVzNUZkUMvVT/Rvj/9EWDW75rLGtAEeXTtmzLzgvxhU=":{"valueMac":{"type":"Buffer","data":"6XJgtA0at5f8a5fKHwvqDXwIJyg9Rx5Vh9P/ymsTYxc="}},"xVv5HVpc9Tqqu0IZPeAe8zo4flvw/cH2gRDPCmPtn9Q=":{"valueMac":{"type":"Buffer","data":"MBdUNC+kqQpV6yasGLHfH5ScDuK23vIPPNDe+WEUjDE="}},"wPGkLXoe/V4HexXKS0+ZErCY4t40pfNiVDpIQzR0V+I=":{"valueMac":{"type":"Buffer","data":"OsNv7jhX9zSwKNaeGPBlMSMrsphGtJ1Z7Oyxgr9sD3Q="}},"h4M63kvcLzUgXMPB27Y01taWVv4ZZCfb49MwiEiyoHg=":{"valueMac":{"type":"Buffer","data":"2LjbxowQ0KMIiz9IROgTM15OxOx764xWL4KOR1N63I0="}},"zmDkT4P248k2YLT3iczxTz0LlTyDazQaVkYciX0yuco=":{"valueMac":{"type":"Buffer","data":"5Z6+++MGl62X1VqlbdJTzH7jPeo9g+kyRuD4+ksmxAg="}},"h9VhMC452q6RloXqjSFW56bDwiVCmXQOGtn1RHK6woQ=":{"valueMac":{"type":"Buffer","data":"dDONTXGXZyohsWgUlHAInmcj7lTkS+YR5uQfnfHFcWY="}},"HJ/NwDgB7VjUdD6SuajDcjfLs75sNHk6IxBWlxwUEeM=":{"valueMac":{"type":"Buffer","data":"YleOlQ1EMikwQqPPtOFT9NP1DJMuqLcZd5xB3VGVyiM="}},"zC/Oly0/poLnG6RMNj3hDdtsdQRVQ92uuTyb/giAfOk=":{"valueMac":{"type":"Buffer","data":"FJB9dWCjmnEtzAJNRlNfYy2DMFK/lVsS/A8mQOk6QO4="}},"4yJ7PeG5rs2muHiIDhgN/Wu/+xgs2PYt5vwbSTXTnd0=":{"valueMac":{"type":"Buffer","data":"caDiaXxma5gztKhWv83rLFIR77xM28Djngjs11ilGGc="}},"J2rtooLps/wdnvsY/b9RJDzQ6EAJpg9LQdpO2iWVNsw=":{"valueMac":{"type":"Buffer","data":"XGW81+imVGr/pCqqD5VjrJfkAe2PQg2NEy5NIBT38FA="}},"ekCzCqCGG4DXkXyYjBrjhOQCSAxqamZ3CXTaxlawuKQ=":{"valueMac":{"type":"Buffer","data":"H5/mhE7WmjgyzflJXHQcs3bnSBay+nj7xsrklUtMvQg="}},"tFJsv78P0mC1Du5jYMowxXKXBaPdcN1zLtqrz0OdoQc=":{"valueMac":{"type":"Buffer","data":"RbmiOqUrBPB0u2/GgLx1+CVh/DxbEbosb09cGhIqJLY="}},"ZUDBlWdGjAZVpajWotuoc1+ExWvWOxvOqpFz9kbJXC0=":{"valueMac":{"type":"Buffer","data":"s8R/EIS2XhWXwgxikXVqJN+x8qIFCI52KNKEuWheSLA="}},"CVy6nicrvy4FSQSOrWnIzwKcgHy07O1c9y9tXfsHLC8=":{"valueMac":{"type":"Buffer","data":"q/xGBrd7O7i91WxmQLK7LZWAF5agumUdk+apwzxmH3Q="}},"iKy2rhltrDjFA35yaAKeWwAXeNaFjO5GJ8uP1HCPwE0=":{"valueMac":{"type":"Buffer","data":"jXS/gZO33bGS8cLLjI8dI4w+qCuyT9fcToEajeKJG4E="}},"6CwuUFplG5wIitk01mBS+rwCkq6HwmYR2BD20PxqxXA=":{"valueMac":{"type":"Buffer","data":"5S+wVVytBEPHkZMBTV92fIyHbsJx3vXE7wSLWeUErU0="}},"9wp4eLFVCNty6j3ALocHbKKuQnUCYamtoHbvWsv2Gjs=":{"valueMac":{"type":"Buffer","data":"xB/TiD4ZIQZ4oEKQu5DS86lzWa+4GZXqmUtmAEGwWmU="}},"+BiX1JvZdR4tVUttVdHY6lS2GtJzIe3Ciniwd9FKqG8=":{"valueMac":{"type":"Buffer","data":"XVbohfO6CCzRdVmmTunUNnGKtdhSBZFYXAoHVR+oAlk="}},"XMiG+K5HGw3awnUVuBo9OMpTxg001d1MUORQ7/q2YTQ=":{"valueMac":{"type":"Buffer","data":"XQ38XFk6EUgR55oSsngBMiar+6GFYbC1NK+vwN7+UY0="}},"E3wlkv5nfT2Qg4tsimfScHE6/RkGIipvYw2IUKL821s=":{"valueMac":{"type":"Buffer","data":"BLsRmmuQ9XryU6EizYhDcyeIgEqB2TDdQF7zZA7HB3U="}},"YlDG+Oh2SVT/LXpkHNl0TSmVVcLzc5RxU21rF5V85Vc=":{"valueMac":{"type":"Buffer","data":"2tLw4nUVZXKWLS0tfl33qhD23i3VzYx/PpvGv+rM9nI="}},"d0Wv91yGShsVHR5vCTBJVVSB2fwFfr4bckL4XU8jP2Q=":{"valueMac":{"type":"Buffer","data":"X1I3Sd+T6msfTyLsxpk/IWzZ/jvKdjLG5XtdgRAgvJU="}},"yrG/c9imVx55I08+41yIoV2fiQPV6tys9Gwsh2MZv0Q=":{"valueMac":{"type":"Buffer","data":"iWaDRSzFAZ4DzMcjudgkuftPnXrr01MPDQJOAEg4VOo="}},"ySE+yQGBUkpY42eWVDo4gF4Liq9BWwXVuz9YzPvzlNY=":{"valueMac":{"type":"Buffer","data":"pEscXqBsh1KDOYQ3f3fSESfe3lpcE/75xhd/uD+3hi4="}},"wd8Xkc/FJ1ni6VDz42mqGgak4kOx8KDZK4HhG0ZHqZw=":{"valueMac":{"type":"Buffer","data":"wOu8t8Z+ZxaEKmr1NJnyI4+blRH+Z14j9sPX0UMXEc8="}},"aMRt6cgLaPm2vKRVu2lndSCTf1HoI7m/bo7Cz/ZXgYk=":{"valueMac":{"type":"Buffer","data":"0W2WOFZlJzp+Rp6takNualez/LiTgo2+76xji2o1fh0="}},"i1Lzrq5YHG2NV/m/yRWLP6d+POVqCVJ/S5IlyTWfuh4=":{"valueMac":{"type":"Buffer","data":"U3zNOdgKrmB86e9mIPEq+Dte9SA4aFDwLOQKJwTRtoQ="}},"rMNsLxTgXj9XQ1Fwr8MHNVC3HOB+xSCSx/a/eBkO+iU=":{"valueMac":{"type":"Buffer","data":"ygWVDijrl0+jRDX/mWmpBq5KAU0c4fVtotD6O2bK3Ys="}},"ZiBNbzl9x/rglh6f7i1v742hZpvhEIX6/2I8cTXF51g=":{"valueMac":{"type":"Buffer","data":"N6ix6n3oTlaA0neUKnsZf5iU1dil8fqgplDEzSybRqc="}},"mc3Mttb1zM367mg4O5y+2vR8TqvtxB0sHmW/HyhqISc=":{"valueMac":{"type":"Buffer","data":"tZB6WWadAG1ntwxiEtOm64ImJLIQSLKT0nEfvA1hwao="}},"VbEep8vG4wvzHHmaVOuczZR2wAKhOUTBnF9H9+0B8zk=":{"valueMac":{"type":"Buffer","data":"XyvrHuhdvQuUFW0Se9q28KYIdFoLAyI0cwhRolRnYhA="}},"iBLP7y3nyk110j/mr7AUQD4GgSC+JHVGHst0BCwIIvI=":{"valueMac":{"type":"Buffer","data":"jsT4FIuomWg3F8ozhFqjGnNWaC15F69LK410pnACZaY="}},"vkQqc4NXNeQqJ+s1FUr67GDWBM2h1lyTEccLXriHE2I=":{"valueMac":{"type":"Buffer","data":"cWAADd0xCGDICbK+VyEwrmmplnqE/HxkhixwqSzvyxo="}},"7+dDRHfxhKzN999hbh4odZ6xyPljToU/txFdPf+olB4=":{"valueMac":{"type":"Buffer","data":"YsY+VZtHrmQPYPKFT7V0kFW5dlrO0KSfi1q0Xmq1f1w="}},"Iqg255xAxZ7fjujhsJHSaXkhLkX+ALyV6fN9DpqLXL4=":{"valueMac":{"type":"Buffer","data":"t2/IrwOyT+UBF6TznL07I05mhpwRTSokBw4HbqxGpzo="}},"8uUkaNKisXsyRCEBHM5YqPADA+rXWVwCgIdDHllCS3o=":{"valueMac":{"type":"Buffer","data":"ysCep83uKXkuuo9pVXmiF6+K3lw9ZefK4R29yp5Znds="}},"CP7SdnevuXRM8xSOIIQbpM05l7MuxnMiR5MD/iR407I=":{"valueMac":{"type":"Buffer","data":"xj/JUPubCnevER9IUB4Fq75miRZfZ1XwS0yn9SrW24Y="}},"jhGNRVfCRXWKR9lIh4u9shl/GDvsG5/xAKSocEcY50E=":{"valueMac":{"type":"Buffer","data":"yVACEuSNzAFmUialn+QjVRsXSPoUuioKo86NqVJKKJ8="}},"QGeJVRAj067aDCwFuE9D9sfdSMXi5KulNVIVWi6nc1Q=":{"valueMac":{"type":"Buffer","data":"BJX4mM/ZH7hVjN4namzUNYiLa1+p0MYE9ky3EL0Wtmc="}},"eBiWz8KRwkP+3k2jgRn3R9xXDjtJPZ8xwhdI6GEtjY8=":{"valueMac":{"type":"Buffer","data":"+ddnTVLSizju7LV1TN2JTeQxT86uejiAeYB3IxROlDY="}},"XnMKRcsaYkUIsAY8cnV9zXc9In+EL/o74WD6ff8rG5A=":{"valueMac":{"type":"Buffer","data":"FUJ5jITmS7GPqzBj9VQ4JhEL350QuXr/AfOJygOYGkc="}},"R4ktSa5mhOwaDBJrgoLGnpZ7+cgIB1TDFw5euFd7VZU=":{"valueMac":{"type":"Buffer","data":"wXTHoQshixJOsK7DXBC0L7W47Xw6ctz0sbFfWWEV3+0="}},"YqDk+CfCjObzebsiq7yWq5mldO+lCm4i5bEMCJd+hgk=":{"valueMac":{"type":"Buffer","data":"VR9KOVDXRT0+QvV5IUvskiPW76cETn+G8i4QBzFTLyc="}},"xZokEuGDgc6e8/vFkvvy6MNNjARAUTo9mkBPqVXWqLE=":{"valueMac":{"type":"Buffer","data":"v6xy+7ym7BOJIgqrD94nztzxEE6AIN5W+O+kSqVtQNQ="}},"rt4RAKzJWPrG7fF3FfjgS754S4i/5tc7BEmZ5OweEwQ=":{"valueMac":{"type":"Buffer","data":"/T59/evYBBrIrpKMjxda3jblONMLAcntcN5pAaauuWA="}},"kmZFZaL9pmOdFyh1Kcuk+v4wBf6xTWZ+kf0U9VaDmzk=":{"valueMac":{"type":"Buffer","data":"uOQpqdrfS3fC6wz+72uuKd+vA0TTrby7nJVY1S9A7io="}},"21HLo2iipgBCQ+LrRGp65x+Sjoxdf7rTOWdsRowAm0M=":{"valueMac":{"type":"Buffer","data":"ZAIMEafAHaIgC9v3caL7rv4QrFSrQi8COOMGFkOoSaw="}},"vfScLJOgsaNNVMABh32R5SGq/GVlz8vwqxFGgjhXGWI=":{"valueMac":{"type":"Buffer","data":"4mrrt0+RCkN5pVvDYpfinxOLtHQfpAA+eR8XZyPNjGI="}},"mDexoyn57+74hsyiNTrPKHDxfS2Tr+297K96y41NeLE=":{"valueMac":{"type":"Buffer","data":"/uMsG3QfcjUzBZ71Xsf+789j9Y707cc90o3UEM1PzPY="}},"we7uEW767nwwExHIEPfSDLSP1Nn2KlaxwCxxu+PPn8M=":{"valueMac":{"type":"Buffer","data":"afE6h9tPcOpZrQFSuMhqWHGwU2XhdMDNvhCAFlK9qP0="}},"W91sxaNu3T2mClhaOSfv5YfI4icXWov+qWizaNy69LU=":{"valueMac":{"type":"Buffer","data":"7LTAer6kAwiIONBt9EUn7O8r/5TMJ6D3IplplYjvEpk="}},"fWQBXaNZNeVvHIpqWnAH6jWR3PqEgbZKtCgbHHN7PR0=":{"valueMac":{"type":"Buffer","data":"38QsU3yMYpBi4rPxBHRQNXTglCaxgTeAC1wCIzdHfAk="}},"xWwi3itudbS68EBKpkMS3vVDj8ycwZY5GX4vWh8S50w=":{"valueMac":{"type":"Buffer","data":"oHD4TQbNKZ6aWfN6VQ/w9iR5NLYrmoB0A0MekiTDjxA="}},"7rJq6lLXWSwS9K8sv9BIDmCqjgs++znhkpKQOv2FR0Y=":{"valueMac":{"type":"Buffer","data":"CEWDZV+iP80aRmatdTI3KYBe+EJy/rZlslBqOJgUP6E="}},"NZI1+5KOa9QEBGqrBfVxTTHtT7q4AsGNs+s2b7TyCi4=":{"valueMac":{"type":"Buffer","data":"wPHD9jGz6QJB90CtBq3BCb7tY6x//LUVE7vdCm7j9Ko="}},"BNYB7TftO53oZPytZXasmXHmrY6ii79d9+A7jsISY44=":{"valueMac":{"type":"Buffer","data":"Gl+/tt5H5szXgXjLtS3EPgcrZeOgjYI9WJDYtBJ7zpU="}},"9CYZAbPr5I7mlEY+InhrbcH3nPyTpn80fwIPSFwijRA=":{"valueMac":{"type":"Buffer","data":"k14xpjPbLKRjqJo9XO5WLDQfwee4YNB3vfbwBS3edP4="}},"8DjLNsexdtHPtr/G6TcRnoR7cb+wPHxzRDiUHWJdVi4=":{"valueMac":{"type":"Buffer","data":"CRfZ4/gG3OYigIhjKx/W3xcVSr3SN1u/TjPn14497P4="}},"Q9ag5vCCWzsBbmd05oSMu9FhBF7G1AShm595smD6rII=":{"valueMac":{"type":"Buffer","data":"GYTNOe+DKPpR38WtFkaUI2QpCwETxhHzi5kJWG+6eLk="}},"NF9m/4ChQxN4kXyX4tgYmZzPvnYmnFUAp9aAeKNMbHw=":{"valueMac":{"type":"Buffer","data":"JzElr5stIVDK8nXVsnC1ZnuxDOgRLcp3mFCMWXjoUhM="}},"k56XmSzlDh8bSQpWVSC7Cosedg5GpWRFkEoYqVM5IW8=":{"valueMac":{"type":"Buffer","data":"2KlG2kR+fGLupssvnUpz0bXNbP3dB6tidM0YcUAdbVI="}},"9hqFnqXlpDPaOJqMXwXr+5zwGl6R/Uct1FE4UBHJpcc=":{"valueMac":{"type":"Buffer","data":"cHklqhj5rpEOemMrQ9uvMzgqDhQmO0eLMM8F3cO8imo="}},"1Ai0o7ZCLiJAx8g57fsUlrH5lcTqFp/a4pdfFwPMw8A=":{"valueMac":{"type":"Buffer","data":"NCV7KXaHQ77Jh6Mh5OpjnTCxgaVdS4hM8k4YOqipgTA="}},"G6c5/Te77Do3Yr2UqDrE4af/1vLNRmPeirzcGOgG4aw=":{"valueMac":{"type":"Buffer","data":"C0cva0ejAUGPiv/DUWisx7rdGsh2PJvncSvYSyxOD/E="}},"H3OTwEG+xgE1qCj3xZZbjNhhUyn3LlYb7wGXG9ZrkrY=":{"valueMac":{"type":"Buffer","data":"RLkZkyw1ce0OidXsBPhZVlsnXl0Pn0dBHy5Tx8YVJI4="}},"oagepc+9xKVk4IfV8bzOTpIYbEwHjT7wZaZpvQB6Ewg=":{"valueMac":{"type":"Buffer","data":"+gsgKmf5B2KyuzTxPIyubpR0CqkMGyGL7PctjXPK3Mc="}},"BmzsFswxBadpAmtt1lNBR5p1tFuzOLX3BiWaHMOCnBU=":{"valueMac":{"type":"Buffer","data":"v8tcxDK+Z03SB6UmMYYQRTKYgf3Ynjj1J94Y3Z2HHX4="}},"etZ9rYj80AFfHNYQArj7UUN1sXahK3L3Cqp09qgEhhE=":{"valueMac":{"type":"Buffer","data":"JXV5Ml7mooSh03rCLqnTTppbCK8yqKUTW8fxvwV1N70="}},"lHfBnI6Mu0FVNLfgmHbS0ieRXptF0nytERswmsfQrd8=":{"valueMac":{"type":"Buffer","data":"RraikfgVVTYCzRsuXEOwbRzZyRv9bY7BdbFeVEh9BW8="}},"NzFcTzjak1epQ2ulF7PY/u88Ydvh8nCk/yHbbhcIxww=":{"valueMac":{"type":"Buffer","data":"FoNL+kt6Toh/ljGss5sFYpgpb9T7mhUOTnTVflO/SXc="}},"cF0XIdfBkZKe4cszCYjL9461vW89z1g3L7z/gdlpUp4=":{"valueMac":{"type":"Buffer","data":"lV+UmXtiwsKdpGUrSX81eaAZJLqzhDJdNJo/3F4qjjE="}},"icIHGL0fUCZtYkgOjRPVs4Gu+TL6GjdQEZT4RMX6lcY=":{"valueMac":{"type":"Buffer","data":"LYASTo44tUDYVUrGAb6ncIM29nvdLOYZos+groy47aI="}},"ZLBDsAkFgWZMDz1nKUxHnMzDwjggeE0OqG8CSf+cZns=":{"valueMac":{"type":"Buffer","data":"yAMpZD9vfOjlsNRBvVjEjjlAp6dcByTw6w1Z6AS5G7A="}},"9pgCnJviHDP/0qcQANHthAQRxWzDZiEn8GEp2gR7vIo=":{"valueMac":{"type":"Buffer","data":"eFh9AUD7ncKZ1XzqDtrJ3Vdk5TP+4G5c1Cczdr4adN0="}},"/HD4wlvKBigNhCQuH9YG1kS33qRlz/Do93fsmeXuMPo=":{"valueMac":{"type":"Buffer","data":"sCJ2wsBGNrHH6vCk76DLhCUY0QFsA/mjinfUuda9fzI="}},"ppTStQzAOT7sEb7yXm156B9pWXQfw3sjSBwNE2WDwpA=":{"valueMac":{"type":"Buffer","data":"a3dmJQI2HVXhYl3VF++XwcI8ceoW062DRKmkI5jSscs="}},"lG2/XV4SG0w7S1tZZprov1Qr3MY/trLJlps4JkjSPdo=":{"valueMac":{"type":"Buffer","data":"lX+aPnWaDGBSuMa/auCQhJxixsc49io3J98w40bEo4s="}},"k+L+LTFQKGpKazhi4GY4+/dsme3IXRH/F4EGp8tgrLk=":{"valueMac":{"type":"Buffer","data":"IhSS9bk7zckZMosRMs2mbNUCbC4uSVhFfgKiXAMk6Tg="}},"nX74xNIguTzObb102kUpBdQDFCmHTB89YCNt747A+as=":{"valueMac":{"type":"Buffer","data":"wD2Mc5wf6yP0F+pcDPwLd0+/ZX5KzpM+Brth5L43On0="}},"yvgp0VJ96iwEcG0MzmAfyMLL9FwoNjhYGsLHw2wfLRo=":{"valueMac":{"type":"Buffer","data":"6yEVRqGV2j4/WA1daL7MCRZq3YyYpnIQ24BNZOwI+Yg="}},"3ngLQAoEdGYbWKP+lbBlYp5kBA5VYxaVKa3e5TeOeR8=":{"valueMac":{"type":"Buffer","data":"sNqHQrb4yoDAymG4mjGaiXY0JlQJzr+kao7xB709j/c="}},"C120we8IepxJuBFHXw0iMf7xWLPfAQb9ozlyjxUTpL0=":{"valueMac":{"type":"Buffer","data":"nYs0SQbPy4qC/cTV4jF78rvqe0vns0DiWpI+FpH6fUI="}},"IbYn2eub7AoO2JMNys+fB4hYvhHBLr3j0HYyCF35c9M=":{"valueMac":{"type":"Buffer","data":"VeREZOCxVXTW9NeIv66ZgDZPRsEge7LktxkQ2KmB/PA="}},"vyHmDQXaMnZP27u1S53HvBU14DIG4anMdApWAVyA1tI=":{"valueMac":{"type":"Buffer","data":"iHJZcdFAOwqFhppQAf+Z3U5h/La8ZcTLPIyTZ3rQuKs="}},"qLbRYGfmb4GQRAHkM6zoKahVQiEK4tsLjD4571pFB0g=":{"valueMac":{"type":"Buffer","data":"qepMvQvLEJ5pT+/TPZ95BdJi3O1KndsKhBPtLmtZ5yo="}}}}