{"version":2,"hash":{"type":"Buffer","data":"amU3CGfo470dM2ggYFkxbIuNF6vGdK3PGCcGx2Oh9dz/2URlD2LRloPt5yXKiYQCLMsFf7BBw5vm7rKCfcANS85qSBVLTaLjPOQQCCB1rNRTuRhuDPcNgtL6des3k7Uk7YWLMiCdjD8yh2Cc7pf4TlcPgc1+CJUHdZnAhBbuzeg="},"indexValueMap":{"Djtnf9HCbqg+nAYlobTsLsJtnD7Q+Ej7pCjIYitzG7U=":{"valueMac":{"type":"Buffer","data":"Nkt1tbMjBSErKVYl42+i9b4JcL2d8YQE31wqJ8XBwvI="}},"PWfrD2vOLMgC5we6eUfURaSbQAbhPxjmsX7+szeDnHc=":{"valueMac":{"type":"Buffer","data":"IzSOfrWL/r8i1vFFe1B6nRR8N5MFvSg+T3+jeAgoYGo="}},"wSoQ2aUcwATeOzNp+tVMhxgmxmKpYlR9IQ2IqjYvza8=":{"valueMac":{"type":"Buffer","data":"Bddz6M3UK1hoqWWeXBspBvc5dXjY9CXEdKMWhCLJRvk="}},"ohSoDYvwlnmMpr4f8KWeWgnJcRLlgsrPrCcAkONcWco=":{"valueMac":{"type":"Buffer","data":"dv3gUW7GY1oTJ7Y8mH4DhwqbbYlU2hKz62H6Leva44g="}},"53UPaB4lQdYVWj/IvUtG1ADvErQr/Il+XYTItrzz4ZU=":{"valueMac":{"type":"Buffer","data":"kNVfxDlLQtxAkqMN++QOD7+P0ozU5yzoME9SxGYVRtk="}},"4o/jqPdtJU/5CeICyHY76dgp4dNQp+jBCDz/SVCeV4w=":{"valueMac":{"type":"Buffer","data":"1vt3VdznTOEmT5ywkQh6m5gqpHtj/8k/Wsjr7scset0="}}}}