{"noiseKey":{"private":{"type":"Buffer","data":"wCUcwGn6hSu2d7lraLBQpy6l8DFesFb6eft/WVpND38="},"public":{"type":"Buffer","data":"CIW3y6BtT7IEgsU0wrbvYolu4buLzXjw3sBbKm7GQ0o="}},"pairingEphemeralKeyPair":{"private":{"type":"Buffer","data":"IAnmEnyQdLEXkg6Hz1oXAEUOOg12kl6tf2gWw0zWN0Y="},"public":{"type":"Buffer","data":"eDUJz4PW9nIA4iqNvVzdmNt8vsjeJfGUzdZl+1XJTXs="}},"signedIdentityKey":{"private":{"type":"Buffer","data":"+ES55kLd8fAIhzuawXYCtXh8S0nCv2PdbGZoPCFx+V4="},"public":{"type":"Buffer","data":"HUcu0PnrEFBFcGHnmUSjUus6k8Dho/5dXyUdu8xO5gw="}},"signedPreKey":{"keyPair":{"private":{"type":"Buffer","data":"QMDy2AmjSd32qvGaUhS0q01+SC5veg0Br2b2PINznkA="},"public":{"type":"Buffer","data":"DaXfTiUd3/hsF7gnYbLIu4PFSZbDjo9j39mEHMTnOHk="}},"signature":{"type":"Buffer","data":"SLlK8geoyGAx4GBw1PmKxIGX84KExWoUItIuRX5cwU4yOO1MKe1gUiezMsF/BHhXYxDxeN9sQQKhJhDco5xviQ=="},"keyId":1},"registrationId":188,"advSecretKey":"xptffouFvY9BeSzkMUddirWTRa734suQSBXnuhSeY9U=","processedHistoryMessages":[{"key":{"remoteJid":"6285141424066@s.whatsapp.net","fromMe":true,"id":"76C9ABCD2419BF431EF9C9A16AA7929E"},"messageTimestamp":1725346669},{"key":{"remoteJid":"6285141424066@s.whatsapp.net","fromMe":true,"id":"3E0FF8DB0D1B232936F7AC6416B3B710"},"messageTimestamp":1725346669},{"key":{"remoteJid":"6285141424066@s.whatsapp.net","fromMe":true,"id":"174F7100AE93016F1B6B12AE8CF9C7EC"},"messageTimestamp":1725346672},{"key":{"remoteJid":"6285141424066@s.whatsapp.net","fromMe":true,"id":"A94B65C87017C08EC799C8A043B1A9BF"},"messageTimestamp":1725346672}],"nextPreKeyId":31,"firstUnuploadedPreKeyId":31,"accountSyncCounter":1,"accountSettings":{"unarchiveChats":false},"deviceId":"KKd-9emXRoiit6MNp-3zsw","phoneId":"e22a7ce2-2797-43c3-91b4-f5af05c499a3","identityId":{"type":"Buffer","data":"eDs9ir8eEjth/1mFqEep6q0PLBI="},"registered":false,"backupToken":{"type":"Buffer","data":"DLYaw4kRC/CENja5qpCR1RbDCVc="},"registration":{},"routingInfo":{"type":"Buffer","data":"CBIIAg=="},"account":{"details":"CMrZ154FEOjm2rYGGAIgACgA","accountSignatureKey":"VK5RNyhwWmSff+i9/+xEXOCidIqwBBgBFjQlHHlnQQg=","accountSignature":"lMmjwLLFbS1zQnIi/hXzvhYH9TJofx0r/kGpAif4iI0Zy0LIy5L/DXPWPFHGlf0V4Eu8bhUmdaEHBPRJyv+aAg==","deviceSignature":"BaNPp5j9LnV1ovxmiz61GK1IvJRPtd7EfQHyvROga/Q3uy6/VgZxqBSgzGv/toZcdKw7kTfgQ04mNBp83hWQhQ=="},"me":{"id":"6285141424066:2@s.whatsapp.net","name":"mubaroksyah12","jid":"6285141424066@s.whatsapp.net","lid":"180775777472599:2@lid"},"signalIdentities":[{"identifier":{"name":"6285141424066:2@s.whatsapp.net","deviceId":0},"identifierKey":{"type":"Buffer","data":"BVSuUTcocFpkn3/ovf/sRFzgonSKsAQYARY0JRx5Z0EI"}}],"platform":"android","lastAccountSyncTimestamp":1725347422,"myAppStateKeyId":"AAAAAD94"}