{"_sessions":{"BX4m/ZR7XjSZXW3pmiDk+OEDBjoERva62MKZhrdwkUdK":{"registrationId":378575400,"currentRatchet":{"ephemeralKeyPair":{"pubKey":"BRuDWOT2ctKt+GwmB/yXTjxykmjgxgy+H06MnT1GwPF7","privKey":"yH7ooysbvnFip1jXIkPKMSIeH0veA0fWVKHvagu3SWk="},"lastRemoteEphemeralKey":"BQF1MK1EncBNgwJ9Ec4IIdFxgsXMvDQSUj0ppI9t5tEY","previousCounter":1,"rootKey":"/NEMjhVviKbagcHihkOj6E7CIl0xIFXFsPeHbYQHO5g="},"indexInfo":{"baseKey":"BX4m/ZR7XjSZXW3pmiDk+OEDBjoERva62MKZhrdwkUdK","baseKeyType":2,"closed":-1,"used":1725418034225,"created":1725346668317,"remoteIdentityKey":"BVSuUTcocFpkn3/ovf/sRFzgonSKsAQYARY0JRx5Z0EI"},"_chains":{"BQdbOME9BrH5Bin8ZSgNfqaxvhCsta1vu7QGelAYTSdl":{"chainKey":{"counter":12},"chainType":2,"messageKeys":{"8":"UP9kvZXRy9H9zwTzgqq35NMI7FA/RozmsVQjfE/8Sg8="}},"BTuK1xn5AlMHEXJHvK9Yz89RIPki63SoPIY9XactujdD":{"chainKey":{"counter":0},"chainType":2,"messageKeys":{}},"BYrgSCPLEsoNxbKPgP8G+Qtp7iixRTRFTAbK1iAWE61w":{"chainKey":{"counter":0},"chainType":2,"messageKeys":{}},"BZYo+qZpZa9wpfoss3OJ0AzLrH2stY6dZTQZZZFdeCZO":{"chainKey":{"counter":0},"chainType":2,"messageKeys":{}},"BXkQ0DUJbsqCQEOz+opKe8FbG95+fHQlZnTX2QxbPjAm":{"chainKey":{"counter":0},"chainType":2,"messageKeys":{}},"BUV1260wPZzb03B2quZPJmU+3tBxHjvglDRD6KJhx/cI":{"chainKey":{"counter":0},"chainType":2,"messageKeys":{}},"BcUGdHuQ3n0bmVb7L38mdmvIMnkd4QZLTJXcyC7WNvhH":{"chainKey":{"counter":3},"chainType":2,"messageKeys":{}},"BfGhqhVnFU7uUdDG4yciaRNqkMwK5EGLQSfav9+mFxZe":{"chainKey":{"counter":0},"chainType":2,"messageKeys":{}},"BdE0WwtrOufY8MLACkZGDwh39rQlo+s2bld3FWWjC7B+":{"chainKey":{"counter":0},"chainType":2,"messageKeys":{}},"BWvDq5iq9mNLFeGkoT27A9L8u9zCf+nwlk4UE17mAfVf":{"chainKey":{"counter":7},"chainType":2,"messageKeys":{}},"BQF1MK1EncBNgwJ9Ec4IIdFxgsXMvDQSUj0ppI9t5tEY":{"chainKey":{"counter":0,"key":"Hcwks4LV8szpCW5f7SPVeA+BdIvKvzaOH8CoCOqGdxE="},"chainType":2,"messageKeys":{}},"BRuDWOT2ctKt+GwmB/yXTjxykmjgxgy+H06MnT1GwPF7":{"chainKey":{"counter":1,"key":"hH8qCk8IkSGfmHYzrtpOGBbdHMFzQbeGGOVJqgVkqXg="},"chainType":1,"messageKeys":{}}}}},"version":"v1"}