{"_sessions":{"BegeeGQoffya3/R2IGn7r8XsSOKaUAzdyrq560JSNINc":{"registrationId":120,"currentRatchet":{"ephemeralKeyPair":{"pubKey":"BWhkaLSRmL6HXVBED0GFwIcYUrzGN6/jZkQIq2D/WzUr","privKey":"ODZzEGFzYDZcEgyY2hy5vhQXB4WwShQPjHRMEI6T8Ew="},"lastRemoteEphemeralKey":"BeCAxHIpXTGuK6kYpwTxFYtdxy40s9U0ig0ql2LNaM5p","previousCounter":0,"rootKey":"1KGVKgDQYzNTIfg/PtdI6Zqh72RuvUqjj9mPxmgnSnc="},"indexInfo":{"baseKey":"BegeeGQoffya3/R2IGn7r8XsSOKaUAzdyrq560JSNINc","baseKeyType":1,"closed":-1,"used":1725347423511,"created":1725347423511,"remoteIdentityKey":"Bexhe/FKQ17NFoy7kwn8wQdUxQSaXa5tJZdSbwhm/kxV"},"_chains":{"BWhkaLSRmL6HXVBED0GFwIcYUrzGN6/jZkQIq2D/WzUr":{"chainKey":{"counter":22,"key":"ujor99ZUeThr+XH5PcVhQMujb2kxaa1Uhj7o/6S/bjE="},"chainType":1,"messageKeys":{}}},"pendingPreKey":{"signedKeyId":1,"baseKey":"BegeeGQoffya3/R2IGn7r8XsSOKaUAzdyrq560JSNINc","preKeyId":13}}},"version":"v1"}